<annotation>
	<folder>iot_dataset_imgs2</folder>
	<filename>image6_4.jpg</filename>
	<path>/home/pi/iot_dataset_imgs2/image6_4.jpg</path>
	<source>
		<database>Unknown</database>
	</source>
	<size>
		<width>640</width>
		<height>480</height>
		<depth>3</depth>
	</size>
	<segmented>0</segmented>
	<object>
		<name>potato</name>
		<pose>Unspecified</pose>
		<truncated>0</truncated>
		<difficult>0</difficult>
		<bndbox>
			<xmin>109</xmin>
			<ymin>81</ymin>
			<xmax>317</xmax>
			<ymax>325</ymax>
		</bndbox>
	</object>
	<object>
		<name>potato</name>
		<pose>Unspecified</pose>
		<truncated>1</truncated>
		<difficult>0</difficult>
		<bndbox>
			<xmin>70</xmin>
			<ymin>377</ymin>
			<xmax>321</xmax>
			<ymax>480</ymax>
		</bndbox>
	</object>
	<object>
		<name>banana</name>
		<pose>Unspecified</pose>
		<truncated>1</truncated>
		<difficult>0</difficult>
		<bndbox>
			<xmin>360</xmin>
			<ymin>98</ymin>
			<xmax>554</xmax>
			<ymax>480</ymax>
		</bndbox>
	</object>
</annotation>
