<annotation>
	<folder>iot_dataset_imgs2</folder>
	<filename>image3_38.jpg</filename>
	<path>/home/pi/iot_dataset_imgs2/image3_38.jpg</path>
	<source>
		<database>Unknown</database>
	</source>
	<size>
		<width>640</width>
		<height>480</height>
		<depth>3</depth>
	</size>
	<segmented>0</segmented>
	<object>
		<name>pasta</name>
		<pose>Unspecified</pose>
		<truncated>1</truncated>
		<difficult>0</difficult>
		<bndbox>
			<xmin>1</xmin>
			<ymin>184</ymin>
			<xmax>196</xmax>
			<ymax>480</ymax>
		</bndbox>
	</object>
	<object>
		<name>banana</name>
		<pose>Unspecified</pose>
		<truncated>1</truncated>
		<difficult>0</difficult>
		<bndbox>
			<xmin>286</xmin>
			<ymin>11</ymin>
			<xmax>640</xmax>
			<ymax>429</ymax>
		</bndbox>
	</object>
</annotation>
