<annotation>
	<folder>iot_dataset_imgs2</folder>
	<filename>image2_2.jpg</filename>
	<path>/home/pi/iot_dataset_imgs2/image2_2.jpg</path>
	<source>
		<database>Unknown</database>
	</source>
	<size>
		<width>640</width>
		<height>480</height>
		<depth>3</depth>
	</size>
	<segmented>0</segmented>
	<object>
		<name>pasta</name>
		<pose>Unspecified</pose>
		<truncated>1</truncated>
		<difficult>0</difficult>
		<bndbox>
			<xmin>151</xmin>
			<ymin>193</ymin>
			<xmax>558</xmax>
			<ymax>480</ymax>
		</bndbox>
	</object>
	<object>
		<name>beans</name>
		<pose>Unspecified</pose>
		<truncated>1</truncated>
		<difficult>0</difficult>
		<bndbox>
			<xmin>493</xmin>
			<ymin>1</ymin>
			<xmax>640</xmax>
			<ymax>240</ymax>
		</bndbox>
	</object>
</annotation>
