<annotation>
	<folder>iot_dataset_imgs</folder>
	<filename>image_13.jpg</filename>
	<path>/home/pi/iot_dataset_imgs/image_13.jpg</path>
	<source>
		<database>Unknown</database>
	</source>
	<size>
		<width>640</width>
		<height>480</height>
		<depth>3</depth>
	</size>
	<segmented>0</segmented>
	<object>
		<name>apple</name>
		<pose>Unspecified</pose>
		<truncated>0</truncated>
		<difficult>0</difficult>
		<bndbox>
			<xmin>201</xmin>
			<ymin>166</ymin>
			<xmax>334</xmax>
			<ymax>314</ymax>
		</bndbox>
	</object>
	<object>
		<name>apple</name>
		<pose>Unspecified</pose>
		<truncated>1</truncated>
		<difficult>0</difficult>
		<bndbox>
			<xmin>503</xmin>
			<ymin>60</ymin>
			<xmax>640</xmax>
			<ymax>201</ymax>
		</bndbox>
	</object>
	<object>
		<name>potato</name>
		<pose>Unspecified</pose>
		<truncated>0</truncated>
		<difficult>0</difficult>
		<bndbox>
			<xmin>259</xmin>
			<ymin>7</ymin>
			<xmax>442</xmax>
			<ymax>169</ymax>
		</bndbox>
	</object>
	<object>
		<name>potato</name>
		<pose>Unspecified</pose>
		<truncated>1</truncated>
		<difficult>0</difficult>
		<bndbox>
			<xmin>159</xmin>
			<ymin>321</ymin>
			<xmax>330</xmax>
			<ymax>480</ymax>
		</bndbox>
	</object>
	<object>
		<name>beans</name>
		<pose>Unspecified</pose>
		<truncated>0</truncated>
		<difficult>0</difficult>
		<bndbox>
			<xmin>362</xmin>
			<ymin>204</ymin>
			<xmax>557</xmax>
			<ymax>392</ymax>
		</bndbox>
	</object>
</annotation>
