<annotation>
	<folder>iot_dataset_imgs</folder>
	<filename>image_21.jpg</filename>
	<path>/home/pi/iot_dataset_imgs/image_21.jpg</path>
	<source>
		<database>Unknown</database>
	</source>
	<size>
		<width>640</width>
		<height>480</height>
		<depth>3</depth>
	</size>
	<segmented>0</segmented>
	<object>
		<name>apple</name>
		<pose>Unspecified</pose>
		<truncated>0</truncated>
		<difficult>0</difficult>
		<bndbox>
			<xmin>310</xmin>
			<ymin>276</ymin>
			<xmax>482</xmax>
			<ymax>431</ymax>
		</bndbox>
	</object>
	<object>
		<name>potato</name>
		<pose>Unspecified</pose>
		<truncated>0</truncated>
		<difficult>0</difficult>
		<bndbox>
			<xmin>18</xmin>
			<ymin>204</ymin>
			<xmax>215</xmax>
			<ymax>401</ymax>
		</bndbox>
	</object>
</annotation>
