<annotation>
	<folder>iot_dataset_imgs</folder>
	<filename>image_37.jpg</filename>
	<path>/home/pi/iot_dataset_imgs/image_37.jpg</path>
	<source>
		<database>Unknown</database>
	</source>
	<size>
		<width>640</width>
		<height>480</height>
		<depth>3</depth>
	</size>
	<segmented>0</segmented>
	<object>
		<name>apple</name>
		<pose>Unspecified</pose>
		<truncated>0</truncated>
		<difficult>0</difficult>
		<bndbox>
			<xmin>329</xmin>
			<ymin>74</ymin>
			<xmax>490</xmax>
			<ymax>242</ymax>
		</bndbox>
	</object>
	<object>
		<name>potato</name>
		<pose>Unspecified</pose>
		<truncated>1</truncated>
		<difficult>0</difficult>
		<bndbox>
			<xmin>279</xmin>
			<ymin>250</ymin>
			<xmax>469</xmax>
			<ymax>480</ymax>
		</bndbox>
	</object>
	<object>
		<name>potato</name>
		<pose>Unspecified</pose>
		<truncated>1</truncated>
		<difficult>0</difficult>
		<bndbox>
			<xmin>416</xmin>
			<ymin>1</ymin>
			<xmax>612</xmax>
			<ymax>93</ymax>
		</bndbox>
	</object>
	<object>
		<name>beans</name>
		<pose>Unspecified</pose>
		<truncated>1</truncated>
		<difficult>0</difficult>
		<bndbox>
			<xmin>496</xmin>
			<ymin>132</ymin>
			<xmax>640</xmax>
			<ymax>343</ymax>
		</bndbox>
	</object>
</annotation>
