<annotation>
	<folder>iot_dataset_imgs2</folder>
	<filename>image2_39.jpg</filename>
	<path>/home/pi/iot_dataset_imgs2/image2_39.jpg</path>
	<source>
		<database>Unknown</database>
	</source>
	<size>
		<width>640</width>
		<height>480</height>
		<depth>3</depth>
	</size>
	<segmented>0</segmented>
	<object>
		<name>banana</name>
		<pose>Unspecified</pose>
		<truncated>1</truncated>
		<difficult>0</difficult>
		<bndbox>
			<xmin>132</xmin>
			<ymin>307</ymin>
			<xmax>552</xmax>
			<ymax>480</ymax>
		</bndbox>
	</object>
	<object>
		<name>pasta</name>
		<pose>Unspecified</pose>
		<truncated>0</truncated>
		<difficult>0</difficult>
		<bndbox>
			<xmin>135</xmin>
			<ymin>15</ymin>
			<xmax>445</xmax>
			<ymax>310</ymax>
		</bndbox>
	</object>
	<object>
		<name>apple</name>
		<pose>Unspecified</pose>
		<truncated>1</truncated>
		<difficult>0</difficult>
		<bndbox>
			<xmin>494</xmin>
			<ymin>93</ymin>
			<xmax>640</xmax>
			<ymax>259</ymax>
		</bndbox>
	</object>
</annotation>
