<annotation>
	<folder>iot_dataset_imgs2</folder>
	<filename>image2_12.jpg</filename>
	<path>/home/pi/iot_dataset_imgs2/image2_12.jpg</path>
	<source>
		<database>Unknown</database>
	</source>
	<size>
		<width>640</width>
		<height>480</height>
		<depth>3</depth>
	</size>
	<segmented>0</segmented>
	<object>
		<name>pasta</name>
		<pose>Unspecified</pose>
		<truncated>1</truncated>
		<difficult>0</difficult>
		<bndbox>
			<xmin>178</xmin>
			<ymin>288</ymin>
			<xmax>516</xmax>
			<ymax>480</ymax>
		</bndbox>
	</object>
	<object>
		<name>beans</name>
		<pose>Unspecified</pose>
		<truncated>1</truncated>
		<difficult>0</difficult>
		<bndbox>
			<xmin>478</xmin>
			<ymin>72</ymin>
			<xmax>640</xmax>
			<ymax>315</ymax>
		</bndbox>
	</object>
</annotation>
