<annotation>
	<folder>iot_dataset_imgs</folder>
	<filename>image_28.jpg</filename>
	<path>/home/pi/iot_dataset_imgs/image_28.jpg</path>
	<source>
		<database>Unknown</database>
	</source>
	<size>
		<width>640</width>
		<height>480</height>
		<depth>3</depth>
	</size>
	<segmented>0</segmented>
	<object>
		<name>potato</name>
		<pose>Unspecified</pose>
		<truncated>0</truncated>
		<difficult>0</difficult>
		<bndbox>
			<xmin>275</xmin>
			<ymin>228</ymin>
			<xmax>497</xmax>
			<ymax>461</ymax>
		</bndbox>
	</object>
</annotation>
