<annotation>
	<folder>iot_dataset_imgs2</folder>
	<filename>image_104.jpg</filename>
	<path>/home/pi/iot_dataset_imgs2/image_104.jpg</path>
	<source>
		<database>Unknown</database>
	</source>
	<size>
		<width>640</width>
		<height>480</height>
		<depth>3</depth>
	</size>
	<segmented>0</segmented>
	<object>
		<name>potato</name>
		<pose>Unspecified</pose>
		<truncated>0</truncated>
		<difficult>0</difficult>
		<bndbox>
			<xmin>161</xmin>
			<ymin>99</ymin>
			<xmax>451</xmax>
			<ymax>385</ymax>
		</bndbox>
	</object>
	<object>
		<name>potato</name>
		<pose>Unspecified</pose>
		<truncated>1</truncated>
		<difficult>0</difficult>
		<bndbox>
			<xmin>1</xmin>
			<ymin>283</ymin>
			<xmax>224</xmax>
			<ymax>480</ymax>
		</bndbox>
	</object>
</annotation>
