<annotation>
	<folder>iot_dataset_imgs</folder>
	<filename>image_27.jpg</filename>
	<path>/home/pi/iot_dataset_imgs/image_27.jpg</path>
	<source>
		<database>Unknown</database>
	</source>
	<size>
		<width>640</width>
		<height>480</height>
		<depth>3</depth>
	</size>
	<segmented>0</segmented>
	<object>
		<name>potato</name>
		<pose>Unspecified</pose>
		<truncated>0</truncated>
		<difficult>0</difficult>
		<bndbox>
			<xmin>253</xmin>
			<ymin>236</ymin>
			<xmax>475</xmax>
			<ymax>466</ymax>
		</bndbox>
	</object>
</annotation>
