<annotation>
	<folder>iot_dataset_imgs2</folder>
	<filename>image5_7.jpg</filename>
	<path>/home/pi/iot_dataset_imgs2/image5_7.jpg</path>
	<source>
		<database>Unknown</database>
	</source>
	<size>
		<width>640</width>
		<height>480</height>
		<depth>3</depth>
	</size>
	<segmented>0</segmented>
	<object>
		<name>pasta</name>
		<pose>Unspecified</pose>
		<truncated>1</truncated>
		<difficult>0</difficult>
		<bndbox>
			<xmin>203</xmin>
			<ymin>13</ymin>
			<xmax>517</xmax>
			<ymax>480</ymax>
		</bndbox>
	</object>
</annotation>
