<annotation>
	<folder>iot_dataset_imgs2</folder>
	<filename>image_67.jpg</filename>
	<path>/home/pi/iot_dataset_imgs2/image_67.jpg</path>
	<source>
		<database>Unknown</database>
	</source>
	<size>
		<width>640</width>
		<height>480</height>
		<depth>3</depth>
	</size>
	<segmented>0</segmented>
	<object>
		<name>apple</name>
		<pose>Unspecified</pose>
		<truncated>1</truncated>
		<difficult>0</difficult>
		<bndbox>
			<xmin>132</xmin>
			<ymin>285</ymin>
			<xmax>324</xmax>
			<ymax>480</ymax>
		</bndbox>
	</object>
	<object>
		<name>apple</name>
		<pose>Unspecified</pose>
		<truncated>0</truncated>
		<difficult>0</difficult>
		<bndbox>
			<xmin>289</xmin>
			<ymin>265</ymin>
			<xmax>483</xmax>
			<ymax>457</ymax>
		</bndbox>
	</object>
</annotation>
