<annotation>
	<folder>iot_dataset_imgs2</folder>
	<filename>image_64.jpg</filename>
	<path>/home/pi/iot_dataset_imgs2/image_64.jpg</path>
	<source>
		<database>Unknown</database>
	</source>
	<size>
		<width>640</width>
		<height>480</height>
		<depth>3</depth>
	</size>
	<segmented>0</segmented>
	<object>
		<name>apple</name>
		<pose>Unspecified</pose>
		<truncated>0</truncated>
		<difficult>0</difficult>
		<bndbox>
			<xmin>202</xmin>
			<ymin>293</ymin>
			<xmax>374</xmax>
			<ymax>467</ymax>
		</bndbox>
	</object>
	<object>
		<name>apple</name>
		<pose>Unspecified</pose>
		<truncated>0</truncated>
		<difficult>0</difficult>
		<bndbox>
			<xmin>371</xmin>
			<ymin>269</ymin>
			<xmax>536</xmax>
			<ymax>440</ymax>
		</bndbox>
	</object>
</annotation>
