<annotation>
	<folder>iot_dataset_imgs2</folder>
	<filename>image_63.jpg</filename>
	<path>/home/pi/iot_dataset_imgs2/image_63.jpg</path>
	<source>
		<database>Unknown</database>
	</source>
	<size>
		<width>640</width>
		<height>480</height>
		<depth>3</depth>
	</size>
	<segmented>0</segmented>
	<object>
		<name>apple</name>
		<pose>Unspecified</pose>
		<truncated>0</truncated>
		<difficult>0</difficult>
		<bndbox>
			<xmin>208</xmin>
			<ymin>295</ymin>
			<xmax>384</xmax>
			<ymax>469</ymax>
		</bndbox>
	</object>
	<object>
		<name>apple</name>
		<pose>Unspecified</pose>
		<truncated>0</truncated>
		<difficult>0</difficult>
		<bndbox>
			<xmin>374</xmin>
			<ymin>271</ymin>
			<xmax>531</xmax>
			<ymax>435</ymax>
		</bndbox>
	</object>
</annotation>
