<annotation>
	<folder>iot_dataset_imgs</folder>
	<filename>image_31.jpg</filename>
	<path>/home/pi/iot_dataset_imgs/image_31.jpg</path>
	<source>
		<database>Unknown</database>
	</source>
	<size>
		<width>640</width>
		<height>480</height>
		<depth>3</depth>
	</size>
	<segmented>0</segmented>
	<object>
		<name>potato</name>
		<pose>Unspecified</pose>
		<truncated>0</truncated>
		<difficult>0</difficult>
		<bndbox>
			<xmin>335</xmin>
			<ymin>143</ymin>
			<xmax>562</xmax>
			<ymax>369</ymax>
		</bndbox>
	</object>
	<object>
		<name>apple</name>
		<pose>Unspecified</pose>
		<truncated>1</truncated>
		<difficult>0</difficult>
		<bndbox>
			<xmin>245</xmin>
			<ymin>347</ymin>
			<xmax>415</xmax>
			<ymax>480</ymax>
		</bndbox>
	</object>
</annotation>
