<annotation>
	<folder>iot_dataset_imgs2</folder>
	<filename>image_90.jpg</filename>
	<path>/home/pi/iot_dataset_imgs2/image_90.jpg</path>
	<source>
		<database>Unknown</database>
	</source>
	<size>
		<width>640</width>
		<height>480</height>
		<depth>3</depth>
	</size>
	<segmented>0</segmented>
	<object>
		<name>beans</name>
		<pose>Unspecified</pose>
		<truncated>0</truncated>
		<difficult>0</difficult>
		<bndbox>
			<xmin>261</xmin>
			<ymin>107</ymin>
			<xmax>546</xmax>
			<ymax>411</ymax>
		</bndbox>
	</object>
	<object>
		<name>potato</name>
		<pose>Unspecified</pose>
		<truncated>1</truncated>
		<difficult>0</difficult>
		<bndbox>
			<xmin>70</xmin>
			<ymin>1</ymin>
			<xmax>315</xmax>
			<ymax>191</ymax>
		</bndbox>
	</object>
	<object>
		<name>potato</name>
		<pose>Unspecified</pose>
		<truncated>1</truncated>
		<difficult>0</difficult>
		<bndbox>
			<xmin>1</xmin>
			<ymin>106</ymin>
			<xmax>139</xmax>
			<ymax>370</ymax>
		</bndbox>
	</object>
	<object>
		<name>apple</name>
		<pose>Unspecified</pose>
		<truncated>1</truncated>
		<difficult>0</difficult>
		<bndbox>
			<xmin>468</xmin>
			<ymin>1</ymin>
			<xmax>640</xmax>
			<ymax>155</ymax>
		</bndbox>
	</object>
</annotation>
