<annotation>
	<folder>iot_dataset_imgs</folder>
	<filename>image_22.jpg</filename>
	<path>/home/pi/iot_dataset_imgs/image_22.jpg</path>
	<source>
		<database>Unknown</database>
	</source>
	<size>
		<width>640</width>
		<height>480</height>
		<depth>3</depth>
	</size>
	<segmented>0</segmented>
	<object>
		<name>potato</name>
		<pose>Unspecified</pose>
		<truncated>1</truncated>
		<difficult>0</difficult>
		<bndbox>
			<xmin>77</xmin>
			<ymin>243</ymin>
			<xmax>303</xmax>
			<ymax>480</ymax>
		</bndbox>
	</object>
	<object>
		<name>apple</name>
		<pose>Unspecified</pose>
		<truncated>1</truncated>
		<difficult>0</difficult>
		<bndbox>
			<xmin>374</xmin>
			<ymin>324</ymin>
			<xmax>565</xmax>
			<ymax>480</ymax>
		</bndbox>
	</object>
</annotation>
