<annotation>
	<folder>iot_dataset_imgs</folder>
	<filename>image_6.jpg</filename>
	<path>/home/pi/iot_dataset_imgs/image_6.jpg</path>
	<source>
		<database>Unknown</database>
	</source>
	<size>
		<width>640</width>
		<height>480</height>
		<depth>3</depth>
	</size>
	<segmented>0</segmented>
	<object>
		<name>potato</name>
		<pose>Unspecified</pose>
		<truncated>0</truncated>
		<difficult>0</difficult>
		<bndbox>
			<xmin>291</xmin>
			<ymin>102</ymin>
			<xmax>462</xmax>
			<ymax>270</ymax>
		</bndbox>
	</object>
	<object>
		<name>potato</name>
		<pose>Unspecified</pose>
		<truncated>1</truncated>
		<difficult>0</difficult>
		<bndbox>
			<xmin>180</xmin>
			<ymin>414</ymin>
			<xmax>331</xmax>
			<ymax>480</ymax>
		</bndbox>
	</object>
	<object>
		<name>apple</name>
		<pose>Unspecified</pose>
		<truncated>0</truncated>
		<difficult>0</difficult>
		<bndbox>
			<xmin>214</xmin>
			<ymin>264</ymin>
			<xmax>359</xmax>
			<ymax>405</ymax>
		</bndbox>
	</object>
	<object>
		<name>apple</name>
		<pose>Unspecified</pose>
		<truncated>1</truncated>
		<difficult>0</difficult>
		<bndbox>
			<xmin>519</xmin>
			<ymin>167</ymin>
			<xmax>640</xmax>
			<ymax>306</ymax>
		</bndbox>
	</object>
	<object>
		<name>beans</name>
		<pose>Unspecified</pose>
		<truncated>1</truncated>
		<difficult>0</difficult>
		<bndbox>
			<xmin>375</xmin>
			<ymin>314</ymin>
			<xmax>566</xmax>
			<ymax>480</ymax>
		</bndbox>
	</object>
</annotation>
