<annotation>
	<folder>iot_dataset_imgs2</folder>
	<filename>image2_42.jpg</filename>
	<path>/home/pi/iot_dataset_imgs2/image2_42.jpg</path>
	<source>
		<database>Unknown</database>
	</source>
	<size>
		<width>640</width>
		<height>480</height>
		<depth>3</depth>
	</size>
	<segmented>0</segmented>
	<object>
		<name>banana</name>
		<pose>Unspecified</pose>
		<truncated>0</truncated>
		<difficult>0</difficult>
		<bndbox>
			<xmin>152</xmin>
			<ymin>269</ymin>
			<xmax>575</xmax>
			<ymax>469</ymax>
		</bndbox>
	</object>
	<object>
		<name>pasta</name>
		<pose>Unspecified</pose>
		<truncated>1</truncated>
		<difficult>0</difficult>
		<bndbox>
			<xmin>157</xmin>
			<ymin>1</ymin>
			<xmax>475</xmax>
			<ymax>288</ymax>
		</bndbox>
	</object>
	<object>
		<name>apple</name>
		<pose>Unspecified</pose>
		<truncated>1</truncated>
		<difficult>0</difficult>
		<bndbox>
			<xmin>526</xmin>
			<ymin>94</ymin>
			<xmax>640</xmax>
			<ymax>247</ymax>
		</bndbox>
	</object>
</annotation>
