<annotation>
	<folder>iot_dataset_imgs2</folder>
	<filename>image_74.jpg</filename>
	<path>/home/pi/iot_dataset_imgs2/image_74.jpg</path>
	<source>
		<database>Unknown</database>
	</source>
	<size>
		<width>640</width>
		<height>480</height>
		<depth>3</depth>
	</size>
	<segmented>0</segmented>
	<object>
		<name>apple</name>
		<pose>Unspecified</pose>
		<truncated>1</truncated>
		<difficult>0</difficult>
		<bndbox>
			<xmin>136</xmin>
			<ymin>273</ymin>
			<xmax>329</xmax>
			<ymax>480</ymax>
		</bndbox>
	</object>
	<object>
		<name>apple</name>
		<pose>Unspecified</pose>
		<truncated>0</truncated>
		<difficult>0</difficult>
		<bndbox>
			<xmin>317</xmin>
			<ymin>246</ymin>
			<xmax>507</xmax>
			<ymax>429</ymax>
		</bndbox>
	</object>
</annotation>
