<annotation>
	<folder>iot_dataset_imgs2</folder>
	<filename>image2_36.jpg</filename>
	<path>/home/pi/iot_dataset_imgs2/image2_36.jpg</path>
	<source>
		<database>Unknown</database>
	</source>
	<size>
		<width>640</width>
		<height>480</height>
		<depth>3</depth>
	</size>
	<segmented>0</segmented>
	<object>
		<name>beans</name>
		<pose>Unspecified</pose>
		<truncated>1</truncated>
		<difficult>0</difficult>
		<bndbox>
			<xmin>330</xmin>
			<ymin>1</ymin>
			<xmax>515</xmax>
			<ymax>109</ymax>
		</bndbox>
	</object>
	<object>
		<name>apple</name>
		<pose>Unspecified</pose>
		<truncated>0</truncated>
		<difficult>0</difficult>
		<bndbox>
			<xmin>418</xmin>
			<ymin>193</ymin>
			<xmax>581</xmax>
			<ymax>349</ymax>
		</bndbox>
	</object>
	<object>
		<name>pasta</name>
		<pose>Unspecified</pose>
		<truncated>0</truncated>
		<difficult>0</difficult>
		<bndbox>
			<xmin>54</xmin>
			<ymin>78</ymin>
			<xmax>376</xmax>
			<ymax>414</ymax>
		</bndbox>
	</object>
	<object>
		<name>banana</name>
		<pose>Unspecified</pose>
		<truncated>1</truncated>
		<difficult>0</difficult>
		<bndbox>
			<xmin>63</xmin>
			<ymin>357</ymin>
			<xmax>467</xmax>
			<ymax>480</ymax>
		</bndbox>
	</object>
</annotation>
