<annotation>
	<folder>iot_dataset_imgs2</folder>
	<filename>image_70.jpg</filename>
	<path>/home/pi/iot_dataset_imgs2/image_70.jpg</path>
	<source>
		<database>Unknown</database>
	</source>
	<size>
		<width>640</width>
		<height>480</height>
		<depth>3</depth>
	</size>
	<segmented>0</segmented>
	<object>
		<name>apple</name>
		<pose>Unspecified</pose>
		<truncated>1</truncated>
		<difficult>0</difficult>
		<bndbox>
			<xmin>105</xmin>
			<ymin>303</ymin>
			<xmax>295</xmax>
			<ymax>480</ymax>
		</bndbox>
	</object>
	<object>
		<name>apple</name>
		<pose>Unspecified</pose>
		<truncated>0</truncated>
		<difficult>0</difficult>
		<bndbox>
			<xmin>283</xmin>
			<ymin>269</ymin>
			<xmax>470</xmax>
			<ymax>442</ymax>
		</bndbox>
	</object>
</annotation>
