<annotation>
	<folder>iot_dataset_imgs2</folder>
	<filename>image_75.jpg</filename>
	<path>/home/pi/iot_dataset_imgs2/image_75.jpg</path>
	<source>
		<database>Unknown</database>
	</source>
	<size>
		<width>640</width>
		<height>480</height>
		<depth>3</depth>
	</size>
	<segmented>0</segmented>
	<object>
		<name>apple</name>
		<pose>Unspecified</pose>
		<truncated>0</truncated>
		<difficult>0</difficult>
		<bndbox>
			<xmin>141</xmin>
			<ymin>278</ymin>
			<xmax>346</xmax>
			<ymax>460</ymax>
		</bndbox>
	</object>
	<object>
		<name>apple</name>
		<pose>Unspecified</pose>
		<truncated>0</truncated>
		<difficult>0</difficult>
		<bndbox>
			<xmin>334</xmin>
			<ymin>236</ymin>
			<xmax>520</xmax>
			<ymax>419</ymax>
		</bndbox>
	</object>
</annotation>
