<annotation>
	<folder>iot_dataset_imgs</folder>
	<filename>image_30.jpg</filename>
	<path>/home/pi/iot_dataset_imgs/image_30.jpg</path>
	<source>
		<database>Unknown</database>
	</source>
	<size>
		<width>640</width>
		<height>480</height>
		<depth>3</depth>
	</size>
	<segmented>0</segmented>
	<object>
		<name>apple</name>
		<pose>Unspecified</pose>
		<truncated>1</truncated>
		<difficult>0</difficult>
		<bndbox>
			<xmin>232</xmin>
			<ymin>400</ymin>
			<xmax>397</xmax>
			<ymax>480</ymax>
		</bndbox>
	</object>
	<object>
		<name>potato</name>
		<pose>Unspecified</pose>
		<truncated>0</truncated>
		<difficult>0</difficult>
		<bndbox>
			<xmin>313</xmin>
			<ymin>187</ymin>
			<xmax>536</xmax>
			<ymax>420</ymax>
		</bndbox>
	</object>
</annotation>
