<annotation>
	<folder>iot_dataset_imgs</folder>
	<filename>image_25.jpg</filename>
	<path>/home/pi/iot_dataset_imgs/image_25.jpg</path>
	<source>
		<database>Unknown</database>
	</source>
	<size>
		<width>640</width>
		<height>480</height>
		<depth>3</depth>
	</size>
	<segmented>0</segmented>
	<object>
		<name>potato</name>
		<pose>Unspecified</pose>
		<truncated>1</truncated>
		<difficult>0</difficult>
		<bndbox>
			<xmin>240</xmin>
			<ymin>272</ymin>
			<xmax>461</xmax>
			<ymax>480</ymax>
		</bndbox>
	</object>
</annotation>
