<annotation>
	<folder>iot_dataset_imgs2</folder>
	<filename>image2_23.jpg</filename>
	<path>/home/pi/iot_dataset_imgs2/image2_23.jpg</path>
	<source>
		<database>Unknown</database>
	</source>
	<size>
		<width>640</width>
		<height>480</height>
		<depth>3</depth>
	</size>
	<segmented>0</segmented>
	<object>
		<name>beans</name>
		<pose>Unspecified</pose>
		<truncated>0</truncated>
		<difficult>0</difficult>
		<bndbox>
			<xmin>227</xmin>
			<ymin>35</ymin>
			<xmax>435</xmax>
			<ymax>262</ymax>
		</bndbox>
	</object>
	<object>
		<name>potato</name>
		<pose>Unspecified</pose>
		<truncated>1</truncated>
		<difficult>0</difficult>
		<bndbox>
			<xmin>531</xmin>
			<ymin>118</ymin>
			<xmax>640</xmax>
			<ymax>301</ymax>
		</bndbox>
	</object>
	<object>
		<name>pasta</name>
		<pose>Unspecified</pose>
		<truncated>1</truncated>
		<difficult>0</difficult>
		<bndbox>
			<xmin>1</xmin>
			<ymin>252</ymin>
			<xmax>277</xmax>
			<ymax>480</ymax>
		</bndbox>
	</object>
	<object>
		<name>apple</name>
		<pose>Unspecified</pose>
		<truncated>1</truncated>
		<difficult>0</difficult>
		<bndbox>
			<xmin>320</xmin>
			<ymin>350</ymin>
			<xmax>496</xmax>
			<ymax>480</ymax>
		</bndbox>
	</object>
</annotation>
