<annotation>
	<folder>iot_dataset_imgs</folder>
	<filename>image_41.jpg</filename>
	<path>/home/pi/iot_dataset_imgs/image_41.jpg</path>
	<source>
		<database>Unknown</database>
	</source>
	<size>
		<width>640</width>
		<height>480</height>
		<depth>3</depth>
	</size>
	<segmented>0</segmented>
	<object>
		<name>beans</name>
		<pose>Unspecified</pose>
		<truncated>1</truncated>
		<difficult>0</difficult>
		<bndbox>
			<xmin>444</xmin>
			<ymin>31</ymin>
			<xmax>640</xmax>
			<ymax>249</ymax>
		</bndbox>
	</object>
	<object>
		<name>potato</name>
		<pose>Unspecified</pose>
		<truncated>0</truncated>
		<difficult>0</difficult>
		<bndbox>
			<xmin>238</xmin>
			<ymin>157</ymin>
			<xmax>424</xmax>
			<ymax>395</ymax>
		</bndbox>
	</object>
	<object>
		<name>apple</name>
		<pose>Unspecified</pose>
		<truncated>1</truncated>
		<difficult>0</difficult>
		<bndbox>
			<xmin>282</xmin>
			<ymin>1</ymin>
			<xmax>438</xmax>
			<ymax>157</ymax>
		</bndbox>
	</object>
</annotation>
