<annotation>
	<folder>iot_dataset_imgs</folder>
	<filename>image_10.jpg</filename>
	<path>/home/pi/iot_dataset_imgs/image_10.jpg</path>
	<source>
		<database>Unknown</database>
	</source>
	<size>
		<width>640</width>
		<height>480</height>
		<depth>3</depth>
	</size>
	<segmented>0</segmented>
	<object>
		<name>potato</name>
		<pose>Unspecified</pose>
		<truncated>1</truncated>
		<difficult>0</difficult>
		<bndbox>
			<xmin>183</xmin>
			<ymin>327</ymin>
			<xmax>350</xmax>
			<ymax>480</ymax>
		</bndbox>
	</object>
	<object>
		<name>potato</name>
		<pose>Unspecified</pose>
		<truncated>0</truncated>
		<difficult>0</difficult>
		<bndbox>
			<xmin>287</xmin>
			<ymin>9</ymin>
			<xmax>457</xmax>
			<ymax>184</ymax>
		</bndbox>
	</object>
	<object>
		<name>apple</name>
		<pose>Unspecified</pose>
		<truncated>1</truncated>
		<difficult>0</difficult>
		<bndbox>
			<xmin>521</xmin>
			<ymin>75</ymin>
			<xmax>640</xmax>
			<ymax>215</ymax>
		</bndbox>
	</object>
	<object>
		<name>apple</name>
		<pose>Unspecified</pose>
		<truncated>0</truncated>
		<difficult>0</difficult>
		<bndbox>
			<xmin>221</xmin>
			<ymin>172</ymin>
			<xmax>359</xmax>
			<ymax>319</ymax>
		</bndbox>
	</object>
	<object>
		<name>beans</name>
		<pose>Unspecified</pose>
		<truncated>0</truncated>
		<difficult>0</difficult>
		<bndbox>
			<xmin>377</xmin>
			<ymin>216</ymin>
			<xmax>566</xmax>
			<ymax>410</ymax>
		</bndbox>
	</object>
</annotation>
