<annotation>
	<folder>iot_dataset_imgs2</folder>
	<filename>image_65.jpg</filename>
	<path>/home/pi/iot_dataset_imgs2/image_65.jpg</path>
	<source>
		<database>Unknown</database>
	</source>
	<size>
		<width>640</width>
		<height>480</height>
		<depth>3</depth>
	</size>
	<segmented>0</segmented>
	<object>
		<name>apple</name>
		<pose>Unspecified</pose>
		<truncated>0</truncated>
		<difficult>0</difficult>
		<bndbox>
			<xmin>176</xmin>
			<ymin>286</ymin>
			<xmax>366</xmax>
			<ymax>469</ymax>
		</bndbox>
	</object>
	<object>
		<name>apple</name>
		<pose>Unspecified</pose>
		<truncated>0</truncated>
		<difficult>0</difficult>
		<bndbox>
			<xmin>345</xmin>
			<ymin>256</ymin>
			<xmax>515</xmax>
			<ymax>423</ymax>
		</bndbox>
	</object>
</annotation>
