<annotation>
	<folder>iot_dataset_imgs2</folder>
	<filename>image6_5.jpg</filename>
	<path>/home/pi/iot_dataset_imgs2/image6_5.jpg</path>
	<source>
		<database>Unknown</database>
	</source>
	<size>
		<width>640</width>
		<height>480</height>
		<depth>3</depth>
	</size>
	<segmented>0</segmented>
	<object>
		<name>potato</name>
		<pose>Unspecified</pose>
		<truncated>0</truncated>
		<difficult>0</difficult>
		<bndbox>
			<xmin>86</xmin>
			<ymin>73</ymin>
			<xmax>290</xmax>
			<ymax>330</ymax>
		</bndbox>
	</object>
	<object>
		<name>potato</name>
		<pose>Unspecified</pose>
		<truncated>1</truncated>
		<difficult>0</difficult>
		<bndbox>
			<xmin>44</xmin>
			<ymin>373</ymin>
			<xmax>310</xmax>
			<ymax>480</ymax>
		</bndbox>
	</object>
	<object>
		<name>banana</name>
		<pose>Unspecified</pose>
		<truncated>0</truncated>
		<difficult>0</difficult>
		<bndbox>
			<xmin>338</xmin>
			<ymin>83</ymin>
			<xmax>539</xmax>
			<ymax>479</ymax>
		</bndbox>
	</object>
</annotation>
