<annotation>
	<folder>iot_dataset_imgs2</folder>
	<filename>image_77.jpg</filename>
	<path>/home/pi/iot_dataset_imgs2/image_77.jpg</path>
	<source>
		<database>Unknown</database>
	</source>
	<size>
		<width>640</width>
		<height>480</height>
		<depth>3</depth>
	</size>
	<segmented>0</segmented>
	<object>
		<name>apple</name>
		<pose>Unspecified</pose>
		<truncated>0</truncated>
		<difficult>0</difficult>
		<bndbox>
			<xmin>174</xmin>
			<ymin>223</ymin>
			<xmax>377</xmax>
			<ymax>419</ymax>
		</bndbox>
	</object>
	<object>
		<name>apple</name>
		<pose>Unspecified</pose>
		<truncated>0</truncated>
		<difficult>0</difficult>
		<bndbox>
			<xmin>360</xmin>
			<ymin>199</ymin>
			<xmax>558</xmax>
			<ymax>386</ymax>
		</bndbox>
	</object>
</annotation>
