<annotation>
	<folder>iot_dataset_imgs2</folder>
	<filename>image4_2.jpg</filename>
	<path>/home/pi/iot_dataset_imgs2/image4_2.jpg</path>
	<source>
		<database>Unknown</database>
	</source>
	<size>
		<width>640</width>
		<height>480</height>
		<depth>3</depth>
	</size>
	<segmented>0</segmented>
	<object>
		<name>pasta</name>
		<pose>Unspecified</pose>
		<truncated>1</truncated>
		<difficult>0</difficult>
		<bndbox>
			<xmin>164</xmin>
			<ymin>1</ymin>
			<xmax>640</xmax>
			<ymax>366</ymax>
		</bndbox>
	</object>
</annotation>
