<annotation>
	<folder>iot_dataset_imgs2</folder>
	<filename>image_66.jpg</filename>
	<path>/home/pi/iot_dataset_imgs2/image_66.jpg</path>
	<source>
		<database>Unknown</database>
	</source>
	<size>
		<width>640</width>
		<height>480</height>
		<depth>3</depth>
	</size>
	<segmented>0</segmented>
	<object>
		<name>apple</name>
		<pose>Unspecified</pose>
		<truncated>0</truncated>
		<difficult>0</difficult>
		<bndbox>
			<xmin>162</xmin>
			<ymin>280</ymin>
			<xmax>349</xmax>
			<ymax>469</ymax>
		</bndbox>
	</object>
	<object>
		<name>apple</name>
		<pose>Unspecified</pose>
		<truncated>0</truncated>
		<difficult>0</difficult>
		<bndbox>
			<xmin>340</xmin>
			<ymin>254</ymin>
			<xmax>498</xmax>
			<ymax>437</ymax>
		</bndbox>
	</object>
</annotation>
