<annotation>
	<folder>iot_dataset_imgs2</folder>
	<filename>image2_46.jpg</filename>
	<path>/home/pi/iot_dataset_imgs2/image2_46.jpg</path>
	<source>
		<database>Unknown</database>
	</source>
	<size>
		<width>640</width>
		<height>480</height>
		<depth>3</depth>
	</size>
	<segmented>0</segmented>
	<object>
		<name>pasta</name>
		<pose>Unspecified</pose>
		<truncated>1</truncated>
		<difficult>0</difficult>
		<bndbox>
			<xmin>146</xmin>
			<ymin>1</ymin>
			<xmax>471</xmax>
			<ymax>262</ymax>
		</bndbox>
	</object>
	<object>
		<name>apple</name>
		<pose>Unspecified</pose>
		<truncated>1</truncated>
		<difficult>0</difficult>
		<bndbox>
			<xmin>520</xmin>
			<ymin>45</ymin>
			<xmax>640</xmax>
			<ymax>206</ymax>
		</bndbox>
	</object>
	<object>
		<name>banana</name>
		<pose>Unspecified</pose>
		<truncated>0</truncated>
		<difficult>0</difficult>
		<bndbox>
			<xmin>142</xmin>
			<ymin>172</ymin>
			<xmax>550</xmax>
			<ymax>432</ymax>
		</bndbox>
	</object>
</annotation>
