<annotation>
	<folder>iot_dataset_imgs2</folder>
	<filename>image2_40.jpg</filename>
	<path>/home/pi/iot_dataset_imgs2/image2_40.jpg</path>
	<source>
		<database>Unknown</database>
	</source>
	<size>
		<width>640</width>
		<height>480</height>
		<depth>3</depth>
	</size>
	<segmented>0</segmented>
	<object>
		<name>banana</name>
		<pose>Unspecified</pose>
		<truncated>1</truncated>
		<difficult>0</difficult>
		<bndbox>
			<xmin>138</xmin>
			<ymin>272</ymin>
			<xmax>563</xmax>
			<ymax>480</ymax>
		</bndbox>
	</object>
	<object>
		<name>pasta</name>
		<pose>Unspecified</pose>
		<truncated>1</truncated>
		<difficult>0</difficult>
		<bndbox>
			<xmin>131</xmin>
			<ymin>1</ymin>
			<xmax>470</xmax>
			<ymax>307</ymax>
		</bndbox>
	</object>
	<object>
		<name>apple</name>
		<pose>Unspecified</pose>
		<truncated>1</truncated>
		<difficult>0</difficult>
		<bndbox>
			<xmin>511</xmin>
			<ymin>90</ymin>
			<xmax>640</xmax>
			<ymax>248</ymax>
		</bndbox>
	</object>
</annotation>
