<annotation>
	<folder>iot_dataset_imgs2</folder>
	<filename>image5_1.jpg</filename>
	<path>/home/pi/iot_dataset_imgs2/image5_1.jpg</path>
	<source>
		<database>Unknown</database>
	</source>
	<size>
		<width>640</width>
		<height>480</height>
		<depth>3</depth>
	</size>
	<segmented>0</segmented>
	<object>
		<name>pasta</name>
		<pose>Unspecified</pose>
		<truncated>1</truncated>
		<difficult>0</difficult>
		<bndbox>
			<xmin>1</xmin>
			<ymin>68</ymin>
			<xmax>225</xmax>
			<ymax>480</ymax>
		</bndbox>
	</object>
	<object>
		<name>banana</name>
		<pose>Unspecified</pose>
		<truncated>0</truncated>
		<difficult>0</difficult>
		<bndbox>
			<xmin>328</xmin>
			<ymin>119</ymin>
			<xmax>603</xmax>
			<ymax>419</ymax>
		</bndbox>
	</object>
</annotation>
