<annotation>
	<folder>iot_dataset_imgs2</folder>
	<filename>image_62.jpg</filename>
	<path>/home/pi/iot_dataset_imgs2/image_62.jpg</path>
	<source>
		<database>Unknown</database>
	</source>
	<size>
		<width>640</width>
		<height>480</height>
		<depth>3</depth>
	</size>
	<segmented>0</segmented>
	<object>
		<name>apple</name>
		<pose>Unspecified</pose>
		<truncated>0</truncated>
		<difficult>0</difficult>
		<bndbox>
			<xmin>208</xmin>
			<ymin>291</ymin>
			<xmax>387</xmax>
			<ymax>468</ymax>
		</bndbox>
	</object>
	<object>
		<name>apple</name>
		<pose>Unspecified</pose>
		<truncated>0</truncated>
		<difficult>0</difficult>
		<bndbox>
			<xmin>371</xmin>
			<ymin>269</ymin>
			<xmax>540</xmax>
			<ymax>432</ymax>
		</bndbox>
	</object>
</annotation>
