<annotation>
	<folder>iot_dataset_imgs2</folder>
	<filename>image_68.jpg</filename>
	<path>/home/pi/iot_dataset_imgs2/image_68.jpg</path>
	<source>
		<database>Unknown</database>
	</source>
	<size>
		<width>640</width>
		<height>480</height>
		<depth>3</depth>
	</size>
	<segmented>0</segmented>
	<object>
		<name>apple</name>
		<pose>Unspecified</pose>
		<truncated>1</truncated>
		<difficult>0</difficult>
		<bndbox>
			<xmin>128</xmin>
			<ymin>303</ymin>
			<xmax>320</xmax>
			<ymax>480</ymax>
		</bndbox>
	</object>
	<object>
		<name>apple</name>
		<pose>Unspecified</pose>
		<truncated>0</truncated>
		<difficult>0</difficult>
		<bndbox>
			<xmin>306</xmin>
			<ymin>271</ymin>
			<xmax>484</xmax>
			<ymax>454</ymax>
		</bndbox>
	</object>
</annotation>
